showcase,cur_lat,cur_lon
a9c8dc25-bb47-403f-9378-d6b6734c5b12,55.7703532,37.6202007
e502a8d0-08f7-4c1a-b046-f27f3ae02ddd,59.8455628,30.3068267
819fc7a5-9653-43b3-b5d0-bbce87f5ad14,59.8265663,30.3533612
aac9d8a7-a133-4cfe-93b6-e780ee08090e,60.0416036,30.3012355
25b4ea8f-dcf5-4baa-8c82-0f4cf033ddae,59.9389388,30.2541089
59d6e11e-ecd6-42e3-813b-3179848f58fc,56.2555845,43.9307863
af6fa139-4d07-44cf-a784-44c3d14d44b6,55.8028167,49.1150508
e9c15f84-4fc6-427b-a317-b7e3aa00ed21,55.7392439,37.6271012
6b012f58-f52e-4e6c-b7e6-57894d0b3a3a,55.6352644,37.5342126
3825a34b-aa65-4b90-91b3-64174e3c5b5d,54.9526099,82.9273963
205e73bd-730a-4e6e-8cc8-f05d5b4343be,45.0349633,39.0181903
bf09450d-291d-46b2-be8f-c1b78f536eb3,59.9263184,30.3692412
7d9f3df7-1de3-4ab8-af1b-9f3a4f912e32,55.9031803,37.4059817
8cf85d74-2400-4346-8b2f-c3709318dd18,59.9240407,30.3400819
ce62c023-3dea-4ae8-891d-154e7560dbc2,59.9092253,30.5100952
22ca0d1a-9cb2-406e-b5a3-e2597999cde9,59.9160089,30.5084829
d388a469-c366-4052-b5d9-f256483abe3d,55.8846469,37.5872801
71ed4465-286d-4947-9ee3-52df7350611d,60.0543309,30.4161362
c4bb895f-b770-40a6-bb54-ec8b56a8958b,59.9025729,30.5130647
4cb8ba41-d827-46b2-9462-d60fc3930304,60.0642568,30.4223179
89a99af9-de2b-4393-a703-5c2e387c464b,59.9446731,30.3264930
f7e61037-b65e-4152-aee1-952fa668024e,55.7638425,49.1462573
6dea1fa5-d62f-42eb-b0d5-c44caa35769c,59.8982975,30.3136680
8b590963-e9dc-45b4-be47-05410ee6369a,59.9114441,30.4432141
daec4951-446f-4b24-b748-b29abf486faa,54.9938779,83.0000220
4725064f-926f-4391-8947-d762eca6b12b,54.7310218,55.9250627
546b97f7-f2ac-4f98-9739-fdab7111208c,59.9449594,30.3700493
2e8c2264-55d6-47fe-97bf-0a8517ea657a,55.7199469,37.5131562
3269a5aa-3e5e-4fa4-abfe-f5df1ccde28b,55.6617546,37.7697885
c6a60efe-88eb-4bbc-ae5a-589380a963b6,55.7981582,49.1452179
2cf54744-296a-4178-9dee-2c3f7c141806,60.0828346,30.3366860
2e522e41-2598-4803-94a3-3738589bc5bf,60.0548501,30.4335460
e36610ac-5dc8-42ac-be31-9ebf5fc1872f,59.9282518,30.2870302
9144989c-1408-4c1f-9ea1-ca2cc36c9aba,59.9506308,30.4712934
61384ec2-18b4-410f-8d40-6f5fe7aaa795,55.7833972,49.1068372
cb42caa2-561d-41a6-8fbf-eb4cb919ac10,53.2299056,50.1591344
4d5c6a5c-7ac0-4b10-9b96-835307dc1082,60.0262689,30.2567967
778a984b-4b85-46f9-afa3-2d1b314d4b56,55.7478514,49.1845428
35130774-c8e3-41f7-82bb-b0c2d28735cb,55.7577052,37.6685625
6860b919-8bab-4a10-8350-13427e97dc8c,45.0661293,39.0404111
ee3ef16c-9d8e-4ae4-bfeb-4f0c63a54f5d,55.1773699,61.4412818
9e1098c3-d922-412c-b764-f1febcf74b89,59.9873186,30.3572908
c71ed96d-56f6-4ad7-aa3f-429feb88c544,59.8651416,30.3424091
3ab401dd-3fa0-4c15-a9f8-44558519244c,55.6561835,37.2275821
70c09e0a-c1bb-4d8b-a3b5-d44133f725b1,59.8634293,30.4473239
96710f00-3320-4069-baf6-a17db17a76ff,55.7520881,37.6000584
1be3f422-77a1-420f-a4de-cfc52e59cc30,55.6837533,37.5413451
1a3dec48-8767-45a9-b873-f5ad4c539c8d,59.9400695,30.1982879
7ea1c2cd-c47c-46de-9116-941aff7a4052,60.0746076,30.3218570
7545fbdb-c58d-4112-8446-7f0f1ae33de9,55.7229663,37.5752012
6876c38d-fc9f-4dfa-a5e3-c63e5f06fe5b,60.0050360,30.4054894
245f1536-ab72-41d5-aa83-64362c1fc854,59.9635482,30.2595757
e94f45df-95f4-478e-b6e1-580ef530c8ee,57.1567216,65.8440366
926eafae-d856-41b8-b6ba-b252a5aef6fa,60.0010218,30.3200060
94e2ee42-8206-489a-a72b-a48045da2e42,55.6568692,49.2837126
9b08001e-4a42-4ff1-9da4-a3a4586e78e6,55.7960390,49.2283232
a98f0ca1-f337-4b5a-909a-5471cb54aa7b,55.8187509,49.1479358
a15b7ed6-fb56-489b-860e-90672c4cfa1b,59.9893846,30.4076191
40991a69-8871-4eae-aa64-83f418055a01,57.1833575,65.5544087
026d6fb5-9869-43aa-a957-b0e879c3b41a,59.8771351,30.4056326
cd6e6b80-4bf2-480a-bcd5-7f8543570400,59.8800643,30.4165316
632031bf-480e-4fee-bc3f-14391817e533,60.0052127,30.3558237
921aeb9b-9058-434b-8bba-f6d36548825f,55.0440989,82.9092234
f9a99eb8-348f-42ca-a74a-f55125588ed9,55.6028898,37.5202040
57efa499-c7a3-4afd-bde1-fde792ff8755,55.7187166,52.3744089
97b3bcf0-dcd4-4b00-9822-57c7b68504af,60.0299290,30.3253644
4c35b0d9-27cc-443e-9ecd-75b8c16ac710,56.7753097,60.5694614
68eeb0e9-764f-4e1f-8d2c-30abd847d264,56.8590382,60.6371309
4ff2ea23-d99f-4d20-999c-573273513c86,59.8665506,30.1961537
43b41b76-0e06-42ec-a8a9-3706e061a343,56.8386946,60.6094460
6a0d6df6-4abb-4b2e-85e0-a626fa002b51,60.0524003,30.2267519
08dfa67e-6246-45f9-9282-a311c4e6a752,60.0286415,30.4008056
19960918-317c-4c37-89af-7b7514c767ff,59.8441393,30.1076006
129e32f1-2202-4a86-aca7-9292ea35d75a,55.8969512,37.6335655
04c432f6-aeff-41f7-a4e8-a941ffca11eb,57.0834803,65.6449592
f364c90c-3495-4604-b5d5-cfedb5079592,57.1762077,65.4929784
f7c1bf06-bc73-44bd-abc6-f3c7128d54cb,59.8857361,30.3186319
06726131-2c7c-4321-901c-60ff05c1b462,55.7631888,49.1811635
8e93c34a-c271-49db-8349-c7b6a36ea7ee,59.8074229,30.3694603
c285a738-eb37-492c-a89a-38e2023eda55,57.9980386,56.2482697
e3554588-937a-4da0-8278-bfe14a348487,55.6541725,37.5796583
85e3ca8f-e978-4748-aee9-bf525fd877d3,59.9659551,30.3052812
02227112-59d5-493e-8e6c-e8e8662e1001,56.8313507,60.6337207
c3072dfa-cd5b-4c22-8467-2a2cf3d9f815,59.8662760,30.3068432
6d6094da-4552-4b41-8349-0bad8118a1b3,53.2450771,83.6798923
7f283442-b901-4a20-a24d-aa9ef56a409f,55.7709290,49.2206603
edf583fa-87e6-481d-ad19-1924b0a9bf53,59.9748899,30.3614757
6e3e1ecd-a971-4ee9-a9e0-4128e3a90060,60.0575947,30.4421188
d4c268fd-fd3b-43f5-92f4-6aedc86b2486,60.0024965,30.2086400
abd8509d-70e5-4887-be52-1cfa8d6654ba,55.7730117,37.5623358
22709af1-8c2f-4f35-8bda-eb338c46d7db,57.1041793,65.4458232
a680f476-8370-4554-8a3e-e82ed2da08bb,56.3113626,43.9889639
35300de5-f441-4ac0-a2bb-f5c650e7d994,55.7956575,52.4866989
28717d9c-60a7-4c13-89d9-2a350d7e0c90,59.9105548,30.2732779
7675394a-e22d-48c0-b380-d46821d9c5b8,55.7062160,37.9374615
27ff14b0-6082-4d85-8bf7-6423f54cb459,55.6743669,37.6403515
33a9167f-f0eb-4b01-ad69-2602ad43da20,60.0100865,30.2465696
4c1aff9e-3978-40c2-b255-b89d07ae628e,55.7988259,49.1874719
5a14b82b-041b-49e9-8924-c6ebbd19e96e,59.8377377,30.3991073
ae7b4be7-cc7c-4815-92c0-26de24bf6073,60.0049336,30.4327796
da928cf6-8765-404e-b42c-443f39ab9f12,55.7581534,37.5538672
a16afae1-7777-4260-8f18-f48c9343153b,55.0213690,82.9222670
ecbc5931-2c53-49ba-a4b2-d8aeb3a9812a,60.0002247,30.2775661
951b0792-322e-4cf4-8424-b4f5add12f10,59.9433712,30.4807983
90432f3b-077b-4af6-a7f6-9127f4c4c398,55.7603206,37.6383037
d95dbc2b-05c0-40a8-93b1-514347c4f2bd,56.8113510,60.4395421
cbbc725b-1940-4d49-9b59-6638524a135c,55.6072186,37.5995743
324ff74a-e813-4ce0-91d2-370841f65c32,55.7842532,49.1863242
14551b75-0e8f-4e88-985d-9c2fe14b88c2,59.8949360,30.2641961
8ba14e6b-557e-41ee-ba7a-bbe83c84d772,45.0289204,39.0226918
317a2337-700b-4149-a9dc-183ea0360dde,59.9431638,30.2810022
807d772a-3523-42fb-9796-1c8b38f13c8d,59.8545850,30.2249216
b631574d-3a98-4da4-bd5d-b148bd4f5d92,55.6352998,37.3183761
88e1a598-2530-435e-9e04-d5f85f12a2ce,55.7176332,37.6266519
b66a363b-60f0-42e4-89bd-3b11ded0e5dd,59.5729564,30.1317863
cb5e2864-3985-451a-a70e-7df55265ebe8,55.8393136,49.2094697
112e68de-1a08-4df0-897f-24896b786a4b,59.9806584,30.2977272
9e241aac-fae4-4c20-aecf-aae849b403e8,55.7513071,49.2131632
46afb7ca-6e19-4cce-9fc4-b99f94a104a8,55.7146279,37.7870442
6d066d88-bc78-4370-8ab8-e853af2215d7,55.6567457,37.4090330
eea8fac9-b899-4dea-9918-b5ce1252113b,55.0446787,82.9718620
ab0281c4-8034-4c4c-a3e5-6d6f45414a85,55.8253281,49.1217911
542d584d-dedd-409a-8e26-a32a44c0931f,55.8129696,37.3235489
5cbca3b1-3e1c-4d8c-b51e-6e49b99bcfb3,55.3679471,86.0439936
d20d3af8-92d5-441a-9f6b-0997822b5c39,55.6800008,37.5688025
a476b4eb-20dc-42a1-8a9e-e2e5bd726d09,55.0513077,82.9291354
fee987ed-ce71-4972-8caa-d0b4605cc4b0,56.2397409,43.8706802
eef10e7d-b944-49ac-b704-0bae23313d82,59.8276831,30.5343093
21d2da19-a0f7-4356-8833-a029f2a6d431,55.7242937,37.7346470
3e8332e9-49e7-4cac-a0ea-aaa5315976ea,59.8565947,30.1511596
f22167c1-fca5-411b-9e46-52538f6fd6af,56.2212747,43.8680049
f0cbf6f1-f5b7-4b60-9c7a-46f771c374e4,55.5640616,37.5690110
2868e5c4-8938-4d6f-a647-48646a9c7345,55.8307246,37.4954988
a9c47068-663c-4952-82f7-0a531431b2e5,59.9230628,30.4866335
0950da15-f44a-4e73-9cc5-a278b104cea8,56.8161054,60.6134141
e1c52397-e3fa-473f-a102-d9bf0a9ed222,55.7959779,37.5446540
827dfe94-6e38-4b8d-af5f-15304682b827,55.3414294,86.1813059
29f63a58-c97c-470e-9139-455e5a75fc46,55.8180217,49.0887750
dee0dee8-b96d-4fd6-b446-e101cded7476,59.9623232,30.3555082
59b9bb39-dd9d-4077-9f6d-b2dbd810bad8,56.7806734,60.5390553
fc0a81dc-b086-408a-97f7-6e1af2e577f9,56.3073979,43.8485926
a100d842-0f0a-4cef-af03-552e911324d9,56.4869628,84.9942658
c38491e6-f752-449d-a007-2b8c0d5f5548,56.8310004,60.5385137
f88771d0-872d-47e7-8e37-a0b861183cdb,60.0075619,30.2881254
3b36176c-d01d-4627-9ecc-1a31759bea34,55.7424991,37.9938832
fcc3942b-ba61-4b7b-bbec-ac36703eeca7,57.1187057,65.6316939
c0a0c2d6-5659-44e7-88f2-d7f814f11ba6,55.6914205,37.5940481
6d7b15b4-ea8e-457a-b5c9-3dc71e3ad0a3,56.3061394,44.0199433
8693c436-d537-4a96-b2db-85c1be9f4067,59.8441692,30.3840984
b57a031f-407e-4ad8-8a2d-4acdf8b74020,59.9536365,30.2520697
95d949ed-e36e-4d9f-b4fa-76a394537b18,60.0001485,30.2005910
7b71c9f4-0b98-4c32-a9c5-373026f6dede,59.8369178,30.2085756
7a0b3489-7c9d-4f7b-b0ca-579672b7a379,55.1577316,61.3658405
20d97254-a029-4c44-9684-e3d8585dd0db,58.0049977,56.2579394
0040322a-6f8c-43ac-b379-7b6b05bebaaa,55.7776119,37.7365979
5c2418f7-0a5a-42ee-9d13-7ca529c00fca,55.8537751,37.6143582
ed908b89-87c8-42b6-a7cf-da218a2dc08c,60.0165653,30.3604336
31ab4775-4be4-49cf-8e2c-720213926e5a,53.2126500,50.2098076
44bd9fb0-421e-428e-8e45-4854fe9c9eec,55.8172677,37.6652060
108476b5-823b-4806-8196-30181ad6b348,59.9869287,30.2101160
b99f3116-2dc9-4301-a69a-e14f92654fd8,55.7376426,37.5470013
c5e792ab-c248-4ec1-aa58-f3fab17acb0d,59.9345680,30.4248875
1619a2e6-0b2b-46f7-a408-3f8192b8c93a,53.5136273,49.1235420
0cd5266a-1195-45a4-ab65-96020cbc8fe2,55.7830764,37.5907404
8dfdf898-ea17-43fa-9da2-e67f4f8fec00,53.2324733,50.1930357
8fde6e46-24a1-41aa-b586-a6fe4a8c5716,55.9175659,37.8068600
128121fb-e5d7-4812-934a-9a23e4b83659,57.1517498,65.6087448
58d9ce8b-d8ca-4234-ab9a-2f84299c625b,55.7038044,37.6619118
e2316aed-4a2b-460e-9da5-bd14c273da46,60.0525053,30.4574476
1e36c1f8-6e61-457c-9b73-b3aafee7d2a7,60.0340613,30.2100673
b82769a7-b8f9-4a2b-a741-bcd71cd55e8f,55.3512784,86.1096070
ca016227-4c4f-45f6-8d3d-def77857d3c2,59.8765995,30.2476909
faf995a6-5aaa-4e21-b8d0-c6775f506594,55.7886275,49.1647893
8956f9f4-7c77-4a6c-bc41-d6716b8130e3,59.9663570,30.3229123
293da9db-ec72-40a4-9861-3e8672588150,59.9419992,30.2559436
3b7a6680-2753-49a1-b51b-bbe03c1ea8d1,54.9933032,82.9065246
8a783f34-1f66-46d9-8729-de78bce687c3,60.0402289,30.3455312
3029f4ff-6f98-4894-bd9c-8e0fd5e73a5e,55.8089685,37.7306696
559bee24-d0d8-44de-992c-5e4fdbdee877,55.0463486,82.9744701
1e2f2fcc-8706-4768-aeaf-34d3f4134517,55.7527280,37.8764020
dc77ad77-b7da-4e5b-9c24-18d5bd3998f2,55.8674095,37.4375547
f7de4842-2c03-4da5-9191-dee3989a0a05,60.0573882,30.3020489
5e3357e8-bd85-44a8-bf50-0baa9aff5266,55.8221305,49.1027594
88fa7873-1faf-424b-a2da-498f10e6584b,45.0092561,39.0746334
4ca4cc57-d0ed-4d8c-baf0-690483b090cd,55.8104746,37.4000906
eaf0d669-493a-4ebf-b7ff-5c80144653ce,45.0455623,39.0092315
ec2c0788-048a-4cb8-93c8-0de248597869,56.2722110,43.8869955
12af4d68-8fbc-40c7-b4b4-ba57430cceaf,55.9009031,37.7303947
d586492e-a875-4480-939e-fb133e05e74f,55.5329654,37.5343549
5a1ba417-99c4-4c37-a887-2460924bab14,55.8031937,37.6323513
e43b7cb0-f54f-4f3d-9920-b1e6be6e8b6d,56.2247727,43.7697229
3c4ccd2b-6616-4778-bee0-d03566182534,56.3486295,43.8553293
49c67e0c-c487-4012-9d29-1b956e25264d,47.2665791,39.7026106
44c50968-8bec-4ef6-9e32-cab9a60e454b,53.7648568,87.1495987
b23c9454-a007-4131-a424-fa461ee6835f,45.0369593,38.9779249
a42d5de8-5029-4331-b3e6-4e8aac8307c8,55.0750141,82.8827485
4ae25d2d-2d3d-429b-be0c-8cfc03ac7cb3,55.6971403,37.9260533
015909de-9364-4082-8371-6f6fa6471565,56.3088434,43.9276925
f0e9134e-2be2-4d6e-afe6-8f550540bc47,55.8560989,37.5649822
579801d0-5ba3-45b8-beef-002e2065364c,55.7852020,37.5306627
f289e4f0-6ea7-4bdb-a859-047646908d84,55.7115977,37.5967353
f70400c7-17ce-4c54-91b3-d352b5750845,56.3532931,43.9100670
a03f94a1-725d-4cec-9381-111c83e0934c,55.8859151,37.6982213
a1498433-306a-4f76-b518-7ab807c8a88b,55.7483807,37.6881824
bf5777ab-4b8f-46cf-8eae-34df1032c597,56.8206796,60.6585122
07624d73-69c0-4d38-bb00-e41b804cac13,55.6023278,37.6383227
4962e0b0-e455-4366-b174-5b41c2658e45,55.6630682,37.5343282
e205ce3e-cfce-4bc8-8ab8-410b18942a96,45.0845774,39.0048062
575176aa-c768-4701-b4c8-6f31ae0625ae,59.8227339,30.4976152
54645841-e3ac-4f27-b80b-d947fa7719d4,55.6452882,37.6500812
dddb92c8-bda7-41e8-8482-843a7b95e8e9,56.3246849,43.9885685
6435f59c-0edb-4790-9814-051d5857445b,55.6976017,37.7501073
6d8c038c-a5af-425e-b9fb-d49f329148b8,55.8836236,37.6558422
3e4a4107-be52-4f76-b66d-5af67fe8740f,55.8703911,37.3934276
1c0b13c8-7ed2-4b71-b087-08c68f165ef4,59.9082509,30.3612788
9e4d14b9-7ef3-444c-8e0f-92521ec49bbe,55.6714355,37.4491470
4dd322d5-19de-43a1-a2e0-b8deb14311ea,55.4354155,86.1231747
54135f15-2198-4323-949a-45cad48401bc,53.1962826,50.1105631
74e27a81-669a-4c28-b065-829b3a6c81f9,53.2496705,50.1814303
ca339e33-f02b-4f3e-8780-d7d5bb5e0e5a,60.0313646,30.4521398
94d5ba76-3e0a-4379-b47e-3468a88e5580,55.6556087,37.6164989
26f0a5fb-955a-4d25-95ea-b4e6b2d6ddc3,53.2913024,50.2224810
75015baf-8412-4c3a-9066-97e18d86ed4d,45.0432349,39.1383392
e03ac382-0b5b-4e75-a2b1-53f18297d24a,55.6040029,37.7381957
7fbe82cc-aeb6-4e20-8241-ae49a79c6155,56.2814946,43.9259996
784f6a6f-4188-4e0c-8976-67d5f065b05b,45.0042663,39.0179835
e896f905-582a-41ea-bcf7-af07dc089907,59.9724029,30.4333949
f7b75cd1-056f-4281-853b-20f6e0bfc73c,60.0504402,30.3848970
cccbe099-9d76-4325-a033-fb1076fb4dc8,57.1387755,65.5474092
04a56651-4dc9-4b2e-a77e-911d07cb98d6,45.0147031,38.9681569
e1acf3ef-81f4-4232-bd85-c699e4bc9898,56.4647679,84.9828796
a69ac705-138d-4805-b40d-e090c9ef395c,55.6821434,37.4997287
09d0e1c4-649d-4d5f-8f83-ee1968986688,55.5357486,37.2362315
00a32a46-b4be-43c7-88a0-6f7a0c5b4a13,55.3499865,86.1478166
2a4ed5de-b8e8-4379-99a6-189c351c4d76,55.0480825,82.9030385
40151d3e-9669-4f2c-a2da-018f222b0fb2,56.8140075,60.6375448
d486a2a1-fed6-4e02-8be0-7d238cd2bcea,59.7383554,30.6090138
17d09655-7814-4669-b51d-f9b66016f7f2,55.8276988,37.7729296
1a0eba6c-9ce7-4dcd-8a8d-2bf801a2fba0,53.2072621,50.1726822
8838b28d-7ae0-4d0b-a3d1-54d439e1cf4e,53.1781212,50.0946285
d765cfe9-a4c8-4cfe-a8cc-e82fe8693b04,53.3459413,50.2913042
8bdfd3ef-1953-4945-a80c-57d157b15441,59.8690956,30.3779642
dcdac985-a604-4d64-8e0f-d38775c5e5f7,56.2759575,44.0891357
a15a9dce-8d76-4a5d-92f8-cbbfcc5ff178,55.8369038,37.5400189
8e784f46-f223-49eb-b908-669b83562db2,59.9939559,30.2383842
fbbe6512-9e61-4b7f-9851-f66c110dc901,56.8188398,60.5598370
7f8924ab-e0b7-4a44-8a0d-b0d1ac4866fd,55.5738411,37.4733620
089dd2eb-21c5-4583-ac96-6fdc922c6881,45.0712146,38.9497073
4498931e-6606-4bc9-a6d9-02049146a50b,59.9565212,30.2176701
0526a7f7-f29d-4e37-a1b5-7932287e7ef0,60.0132670,30.2615597
b665053c-878d-47ac-b9ca-c58274ecf986,45.0727695,39.0030223
b4b1f551-02bd-4574-a607-8a98d9002499,48.7010207,44.3435707
0d82b632-ce01-4991-bd37-93a490ce39db,56.7930276,60.6478843
91393b6c-2094-4eef-9d29-d197b4c0935a,55.6728678,37.7545497
1c41c8c4-520a-46ff-b1ad-118130db9a3e,56.2750431,44.0310906
6b8900f4-bc09-47cf-8a6d-47e4e663dc0e,54.9024683,83.0826079
21c1dfc3-8459-4e22-961d-e41762910e5d,59.9169459,30.4555287
485c9838-810c-4479-8e20-de8f7fe6ed4d,54.9846217,82.9271965
ca03ebaa-f29e-4c9f-87ef-f79bbae62e6a,53.2041378,50.1478057
7d7642d8-400b-405d-bb05-8451d7e15177,55.8045979,37.4652775
2dcc1eb7-61a1-4164-8257-1d615d0c31b4,60.0412286,30.4133770
d7b6ed59-41ff-4e4f-9683-9891954d4254,55.7983633,37.5729373
ef43f41a-fd4e-4d03-94e3-16d317423f35,53.3509248,83.4450875
1fb94465-3edd-4e90-81b5-4ab88f8aca86,55.1303195,82.9345823
a97af712-de62-4504-94b6-f3899895cdbc,54.9374748,82.9151475
85f39864-e826-47bb-ac04-9e114947765a,55.8371640,49.1068063
e4e301bb-426e-465c-ac60-db8cb927444e,53.3576891,83.6540401
d3559054-38f5-430c-beb2-8dc039026052,55.7736895,37.6931510
9f46d987-481d-4615-8379-06fbcaa28db1,55.6513317,37.5187949
e447a1b1-6669-44d2-8460-7cdc4c23f3fe,59.9711914,30.4126050
963d9e17-a44a-420d-bbc1-0fc4fb212bb8,55.6880631,37.8521615
3fc9af1b-f7e6-44dd-9abd-599a4f1f31cb,56.4813342,84.9927754
42499233-0b63-4586-b93a-f4cf6b9c62e2,55.7583485,52.3949290
0537d57d-41a0-46e7-ab23-67f200649562,54.9561165,82.9601294
225ddf3d-8280-4fc6-ac6a-b9173ce25f8f,59.8426963,30.1537921
394d99eb-210c-4d5f-9b30-9620e9113334,55.6209680,37.7462962
590121f8-227c-4490-ac04-9c69d891d7ff,55.8780806,49.0121682
48d2e535-3263-427b-8dcc-be0b4bb239a2,59.8659799,30.1627996
0a999493-5a4a-40a5-9ba0-4bcadbdab4d4,60.0492405,30.3557688
b6b78f62-a4c4-4d79-8da3-0c766cc1f3d6,59.9112436,30.4730366
7e6f5865-e784-4f51-b6a4-ce0408238056,55.0854337,82.9379327
88469d75-f6df-47f2-b28c-636f681832bc,55.6396589,37.5127611
82412ccd-b6a3-4ce3-911f-bb50b43754b8,56.3207370,44.0303301
c3c48d49-0fcd-4111-a5d2-776f60e1bc1b,55.8246258,37.3759281
4d8d150f-5c6a-4deb-be06-605c3ea6ef92,60.0559255,30.4686253
7779425b-74b4-4075-bec2-e5506a5c6146,55.7348201,37.4658287
3a5378f8-4b61-4baf-8c17-eb8185d3fe15,57.9939893,56.1772378
8d9d2f2e-aca4-4e39-ba78-09a653706caa,60.0452710,30.3216937
cba735d6-1a4e-4beb-8c26-42f16a83671c,47.2356238,39.7303986
2db3f8a1-5f1c-4f4b-9d79-92e7a324f8f7,53.5292858,49.3194031
8c588757-d2b4-4d5f-97d8-2d1cc168a512,55.7948423,37.5095317
a7bac820-ac5f-4fad-a27a-85441d9684ea,55.6817696,37.6759758
06a2ac6c-68a8-4f88-86a4-b98ef6fa45f5,45.0340034,38.8103531
65badb48-8c80-4367-938f-e46be697de23,55.7767309,37.4174246
066ed17a-6e20-4181-930d-3c1c96821654,54.7234618,55.8256361
59f28deb-44f9-4223-ab54-7786db6e2b84,59.9676413,30.3944780
e14996f8-8d8e-43e9-8732-b399fff30e3d,55.7439796,37.6545874
df081708-a068-4569-add2-ba1196304785,55.8638784,37.6145342
c95ba686-ae71-428b-99c9-e676ce706ca7,53.5630218,49.3294573
0e9283d6-5d47-4dac-a48e-1658e440ee73,55.8778890,37.5009490
533f4d99-9ccc-4c90-90ea-36cc2b7db2c8,60.0201707,30.2472088
a8644451-0a8c-4c58-8fb9-01d166144de2,53.7498030,87.0805701
b7468c2c-c35c-4338-863f-400dcdff2791,45.0031896,38.9449961
0165eb20-8394-4c5b-b143-f69b3c0c5cb0,55.8382002,37.4187713
96cba23d-5b94-4542-8a82-16a961f76bb6,54.7260946,55.9886990
1840683c-150f-4556-b91b-bb41a3b90cd8,54.6939070,55.9837450
b53479de-a8db-40a4-b712-6ba66284dcb5,53.2319898,50.2196586
e2e2de66-1814-4f93-bb04-5ce88150b139,56.0255129,37.4209113
75225b94-ac62-4e65-b6c7-6a79fe1d4613,56.2616821,44.0199356
90772f36-213c-4b97-a0d7-c963c2b990b9,55.6049465,52.2171376
03092e6f-6c63-409a-9627-a11574767347,55.7075585,37.3212969
68149b27-e7d4-431b-90bf-f1da08682116,55.8400883,49.0886498
f76fecdd-58e7-46ab-a32b-44ed1040a4af,56.8020359,60.5629456
fbac8770-b3d0-419b-9d42-4b272b8dfa0e,57.9791985,56.0957654
1acad795-54b9-4410-81be-b5473a9524ab,55.7852628,37.6295821
99eb5f20-9c98-4afd-abed-bd7f54aed1d9,56.2761626,43.9914172
9dd94c1b-62b4-4252-8092-46778a3f2767,55.0360872,83.0103040
70a9c79f-bd05-4509-bbcd-32e1a0659460,57.9824675,56.1998163
57dacf7b-d7ca-4ae6-8cfc-186d102b182d,56.8434215,60.7260650
1b887e07-8755-45c8-8560-99d18c8d02f2,55.6384470,37.6134765
388c15ce-932b-4ae4-909d-8c413445bf5a,57.6612124,39.8523496
58e2f908-8ebc-4abc-87e8-a6b34e2a69f6,58.0078567,56.2408969
34003d9a-c407-40a5-941b-b0b769bf42e8,55.8364644,49.1612324
56d40502-3ed9-4810-9266-9ade2335064f,53.1884435,50.1760091
669ba408-4a8f-4a3d-9e3e-9fb7097e0d7d,55.7236777,37.4257598
dd47cbdb-eeb0-48ed-a688-f62043fc16ae,55.8353405,37.4955086
7ad3bc58-e9ab-4108-be63-1a948288394f,60.0164060,30.2831245
40b55dbc-442b-4199-8cf2-67f1797c1f26,54.9465435,83.1041360
b7d51516-3eef-4da8-bb9b-0cdaba96982c,55.9135617,37.7532698
c8e9b2fe-6536-4598-8425-a2875bfe51f9,59.8411230,30.2523248
a76686ad-5448-40cf-a64d-6bab37d1f33a,55.6223551,37.6010098
3e641f27-2a69-42df-89e6-e5c660774926,55.7484900,37.7996054
05e869f1-a83f-418e-a240-60d2c3d3e040,53.4113529,83.6194768
51f77909-a7a2-45d8-90e5-5321ea5c782b,47.2145355,39.6580159
10798beb-7a73-4ef2-add5-cc6c447fc7ed,56.6947647,60.5132891
43018eb0-144c-4424-b338-00d9af566e35,56.8486911,60.6079327
7f07ee68-a07b-4219-bfaf-710930e1557a,55.7271648,37.6787767
0ab87f01-68bc-46c2-acf2-97932db738c5,55.3273329,86.1358578
cec67dfe-c1e0-475d-adba-e85b2ee449c0,55.6654051,37.5006206
0de9ccd4-4650-4ad9-ac85-0d71390cf35e,56.1845086,43.9235877
7b266fb4-0c94-42d9-94b2-307ecf0b52cb,55.8050164,37.7977497
2cb05a73-b0c3-4744-99cd-997f7636774c,55.5856997,37.5917314
5cd4cb93-55d6-4920-8426-a135d7f925dc,57.1133838,65.5529252
7b3a4623-45a6-4f60-8f19-66f26c0132d3,55.6398058,37.7695175
3536e617-853c-4e80-bb1b-52a86d988ea8,55.8670482,37.4989648
d7e036d7-07dd-442f-8776-b60864917077,59.9184501,30.4232906
1773c098-f2b8-4baa-9167-1d0fdddc521d,55.7283851,37.4788412
cd0845df-be93-4fa1-b321-841f8a5fbbe5,56.3601693,44.1104919
ed82c878-3522-4f0f-8f07-f610ff0f9ab2,59.8476676,30.2694556
75ae2c35-189f-4a50-a818-9a4d0deb2d97,55.8107973,37.4963204
8c1da5e7-a4b9-45cf-836c-a94f6bf840a6,56.3303899,43.9515984
83f715cf-cd89-4cf9-a8cd-1079bf5fb0fe,55.8706024,37.7080100
eeba43eb-637d-4f34-811a-39c31a5142a5,53.2486688,50.2592473
b9bd673f-a12e-413c-bb33-176f0110bee1,47.2956154,39.6847553
483b10eb-78f7-48b0-9173-52ea71305d18,51.7092014,39.2370047
4b802d45-01f4-409a-b895-8f190d3a26cb,56.8220211,60.6024401
7b54b17b-4165-4533-b1da-cff50a378aa7,55.8044171,37.6769006
bbcbcc95-f588-4ed4-aa7c-40f98c3ff229,56.4920082,84.9916437
63503e43-833f-480c-ba44-b7e0d54ad3bc,59.9833384,30.2530719
78b859b2-47c2-4e8c-a202-e329737dc133,53.2611513,50.3836284
e9fc15c8-7c02-4d08-92a6-9771bb6bbc7c,55.7909416,37.7879246
e568eee0-3ca9-4c85-9b3d-bf4c2260739a,48.7561717,44.5003900
b4484c24-95bd-4fe9-a82f-03e2c560da8a,55.6107129,52.3939553
536f48c2-52e1-4543-ac41-cd9df5c73a94,55.7009668,37.5502230
c25fa577-0a0e-43de-958c-dc5a8242a0b5,54.8416324,56.0767884
d9b057e2-e862-462d-9210-c55ae99ba16f,55.8964380,37.4727247
7bbb9b89-22f8-4acc-b9a6-b9e176b463f2,56.5184715,84.9430366
20c6d65f-e0a9-4071-b73d-b89a079c8569,55.3592477,86.1729512
8a89b199-df13-4c52-8d3f-7b36b2031ba0,55.7513668,37.5011500
9476bdac-e0c4-411f-9c67-e0f55e6a5bca,57.9450474,56.0853233
03d1c760-1b2e-488e-8485-bde828530663,58.0309137,56.3440740
e0efba6c-34ff-4243-b130-aff9aef19659,56.2233341,43.1764673
2d845625-1886-4ccb-b08c-ed4464d81ced,56.3325419,43.9287802
87cc6dbd-5d74-4299-b488-1161c51aa10a,56.4797699,84.9021074
96632db0-59ed-40dc-a6fb-e0560aad76b1,55.9017338,37.5585109
04936837-7ba1-40ab-9c98-da260ddb9398,55.8612933,37.4715689
77be8c0e-da5f-47d5-b946-db590b44b889,57.1637810,65.8485799
085c45a3-b5ce-4ad6-854d-caa2f91b0b4e,55.8730236,37.5594492
22ed1824-0ba5-4e50-a6c2-002cf2786131,47.2273869,39.7058954
e236f100-99d5-4a32-8c5d-cbdc526d35e6,54.7341127,56.0052622
812e8d01-6ff8-46b8-9ba3-18c24ae46b6e,55.1827890,61.3080442
130ce17e-292d-4db0-88b4-8c6c52709d65,47.2390708,39.6388372
015c5488-0d2f-4389-af73-042fc2470c5f,55.6942935,37.7146846
490fa0fa-1051-46a3-86e1-c2a9480990f2,54.7135817,55.9839667
8ff1e146-9bda-480d-b590-2b44f55c66c6,56.9867027,60.6114096
6c015a9e-8322-470d-95c0-8a50a39fc180,55.7650901,37.5327421
de75760d-cbb2-4830-9233-feaded266144,53.1889936,50.2234302
2dff4e26-ccb9-4199-9b87-af10901b6213,55.8332878,49.0679679
d20512a5-9c1a-4541-b779-04fc2b57d3ef,55.7089300,49.3302539
75cc1ff1-472a-4ef9-93cd-05a0c70ea358,56.3166667,44.0616048
b00b0773-3092-44af-90cd-1e712169bd2a,53.2169898,50.1345010
e545b8f8-d8d7-458d-a4a0-f4558697cf95,55.8465310,37.5272794
af912b47-91aa-4771-8827-54b605754032,55.6193187,37.4886569
b4b726be-fb83-4a57-a90b-84ca74661cfb,53.5263034,49.2792055
085d3b58-877d-47e6-ba43-7e6e77f3b33e,56.4884228,84.9524500
2702770f-2207-4884-ae0e-57d144a9e4b6,55.7226582,37.8974424
6d19f751-f3f1-470c-a3ab-4789c1b8f3be,55.8392527,37.4433619
24b12911-be22-4561-9124-6b0e02e43fd9,55.8000822,37.8203586
f3ca4068-3f13-42d7-8f61-39bcedcdfbe7,54.9952408,82.8767175
b188e092-c5e1-468e-a4f6-884dd6026bbd,47.2395222,39.7700369
e50d4294-8187-4b8e-a058-6e7c04cca4a3,55.6493696,37.7626902
952c76ea-dce4-4e78-978d-526924eac839,60.0512458,30.3314985
141d5a14-6e28-49d5-b863-3779b52b87ac,55.6632013,37.3021629
51e9605c-d27c-4261-9e63-f4cccaa3f145,59.9910982,29.7809543
03a60660-12d6-4750-8624-d287daef2e99,55.4222987,37.4891113
38022379-f87a-4dec-acb6-9468b22c481c,55.6880842,37.6952710
69e1a72d-7130-427b-8206-86e0eb68dc1d,55.7377446,38.0310416
c6ab03b5-42f3-4e00-b7d7-40685ad7d8fc,45.0552316,38.9655966
d45c935b-9a8a-4cfe-97ef-9830a001165b,53.5396413,49.4142755
f2fd69dd-5c85-47f3-9c4f-ab479a6babc2,56.2931938,43.9106837
8473f260-8eac-4d84-b0d0-c15ae9115d57,53.3601299,83.7008895
1c26cb2d-7a8e-427b-9d66-f8a9477d3c8c,55.7878624,37.4957316
a271a9e1-9535-4790-95fe-1a27d9b7fd36,58.0053519,56.1833679
1d8944ca-86bf-422e-b2ec-02fae95d8f76,55.8485640,37.6482136
2868cf24-f5ab-4e4b-b35a-aaf70f7f42be,56.3767250,43.8079049
c744db08-1343-43e7-9153-7d47cb333688,53.7532106,87.1554966
4a963f73-401d-4b5b-a450-25d185e62936,55.7432693,37.4979050
265e216b-4d1d-4c25-b731-77bbd74a291e,55.7563527,37.6990972
41cd1788-1cc4-4873-8327-377a2bade3d5,56.9496048,65.3850209
9bdebd38-5b55-4761-8137-2934d5362029,48.7050927,44.5134014
f6c0a653-fb8f-4c47-aa01-ae9845cebe4d,55.8721616,37.6736763
f1db1400-8ac6-4216-a21b-bdeff2f02f81,53.3878807,83.7913290
26d6a708-41af-4350-aafc-7e470f69d348,47.2008582,39.7914190
e74f6cbe-0e00-46cd-883e-16c7a6e9b858,57.6037927,39.8220263
f1af9fa9-bcc8-4bef-aeea-7d223b515fbb,55.6946668,37.9156100
a6a5341e-401f-4bd9-ba7c-1c47b53a8aa6,55.7575575,37.7958867
62b2f1b5-255a-486d-9f5e-f0a9731eaa6d,55.7257117,37.3878130
d4c3d1b9-0cdd-49dd-ae44-249adb8b1404,55.7794583,37.8217655
4b029171-0d91-40ae-829c-df216a561d49,47.2456481,39.6800470
7693f8e1-84bb-4f7c-aa56-445db0354034,56.1710563,44.1793338
a0e6cb07-3b82-43da-bae4-fee72baf5070,55.7289652,37.7659740
334bdd0f-b2eb-4177-a2cb-d2b0cd3af466,55.6266349,37.6974577
bb351392-def4-4f8a-a8de-d24a2f529ef3,51.6630718,39.1919591
03cdc6e5-036c-4f20-a138-48817d45e7b1,55.4904082,37.6281163
2bf7b998-91ee-47ca-8b52-0bbebdf63c9b,55.7744847,37.4785451
a036d1da-b6e7-4f01-90e5-8d93d5146bac,55.6537727,37.6989738
e1aec682-e212-4137-ae0f-8e02258d97d3,59.9431495,30.4179968
324c251f-66ef-454d-89a6-e5335f874f37,59.7917853,30.1543033
daed9213-b288-4d11-96e4-35df1b0a1430,55.8262970,37.7192586
3a1129dc-a78a-43a4-aac2-46e86bedce44,59.7489241,30.5783496
64eb4d9c-7c52-4b19-8880-2d5095932569,56.3613927,43.8210911
fbede6fd-9da1-4f8e-98c3-433604763f36,55.6459572,37.4904873
4c9ed946-7718-4e14-b288-110e37269efa,55.8354462,49.1273122
a23a5802-46b8-455a-8fc6-b6da35d6a204,55.6738559,37.5967989
a5cfd80a-a723-45b5-946e-0db4a72ec423,55.2535224,61.2641246
b0a103ec-f9e3-4e6a-bc97-d1fe9d81047f,51.7141001,39.2711222
e7fd4ed0-7838-4f3c-95ec-19098266f906,53.3241494,83.6988911
03c2afe5-7f78-4e87-9f65-f72d6fa4c665,56.8637186,60.5603250
fce9a477-d6db-499a-85db-2e2a05189aa1,55.8130378,37.3646355
37c2e0fb-541f-4350-87d6-6ef72cdb54a5,55.8163226,37.5897107
d1333641-9904-4158-af6f-e2c789c119a2,55.7095754,37.4694532
fa6ef594-351b-40eb-8c89-2775272a071c,57.1229883,65.5659230
ff56e9c5-4aaa-4190-8d87-7b6a5de55e6e,55.8421382,37.3727345
b9125811-9a9f-476d-b1d3-c8a5dd86fa0b,55.6441377,37.3849139
5509381d-b442-4171-9eb6-438cafc12d27,45.0264371,38.9822546
412be3d9-f0de-406c-94e5-5bdd0b5b87f5,55.7252333,52.3994884
2d1ea9f2-9abd-4ca8-9cea-37b4e5c33a7e,55.8014697,49.2638691
da180f32-423d-4305-a4b6-737b2ffed855,47.2248120,39.7339573
dfc0d922-5f50-49ae-a5a6-2c3b817b3227,55.1879783,61.2741652
ed0644a7-fb75-4ec1-a9b4-42f2bb8288fd,55.7774644,37.8641140
1eef1aef-9d69-4b42-8222-6418d2ffddda,45.1257287,39.0069679
2be7eb7a-b335-43a3-b4fb-cd2f5fb87601,60.0192948,30.2367590
acfff7f2-a9ee-4d34-9a02-99fedbf8b37a,56.3303645,43.8835466
a267f0e5-ceb8-47f7-af82-93e8c7003c32,59.8309200,30.1484408
75850065-acb8-4b8c-ad3f-c69879b264c6,55.6811070,37.6426728
8f30adff-6206-42c5-9755-5833e9d3471f,55.8350317,37.6453622
2cb07be2-ddc8-4863-a49d-c128f8e60ec7,55.8277602,49.0795825
ab9cee24-3dbf-4efb-b36e-852929f410fe,56.0952261,37.8921278
ea259c8f-8ea0-4846-a713-2a8dedba9387,58.0123376,56.3208546
b0d753fc-a3f9-4275-9107-3d4f0f451207,55.7629602,37.4634472
fb48e3a5-317e-4087-8e9c-908cf2ec4d2d,55.7929292,37.7311536
aa2169ce-9ebb-4c56-a6db-ae9b53f871c2,53.1784867,50.1471812
1653069e-83b7-4cbc-8e83-47acef976cd7,56.8394640,60.5791048
e5a2aa44-de19-47a8-945c-9fa40eaa3859,55.6214576,37.6593529
f5e9da90-360c-4566-95f3-cd594c95ca99,54.7636821,56.0623126
5e0c672b-34e1-4418-8ab6-dc7e5919a119,54.7783952,56.0467121
d9fc9cfc-9a8b-46e6-9d61-a30123c3b7f3,56.3076685,44.0906993
6834bbb3-719f-4b95-95db-230b258eeca0,55.7228678,37.8072812
7ec6c4f7-8270-462b-8b07-553b71d688ba,53.3826378,83.7429414
6311834a-6ccf-43a2-9e1d-1934928505d6,54.7567604,56.0226990
ee731f87-2493-487d-8114-6a037f5d6d16,55.6988396,37.7970722
949e5aa8-c5a5-48a1-b586-fad50fe80578,56.3452509,43.8332279
504e67d2-b6ea-4b4d-a261-ee3dbb987c04,55.8746082,37.5870185
731e1b32-f960-4f7c-bc65-4893d858b43b,55.9380746,37.5131739
aa88e8ff-b7da-483d-b63a-0ed39b7681b2,58.0543221,56.0278491
adefaa5b-a030-4bb7-8562-ea4a0778dc35,55.7859567,37.6009558
fc6b94d9-1f38-4d9e-9afb-e1482fda5f90,55.7930585,37.5962878
d412c1dd-91ec-4488-8914-6995eb03a7db,60.0206382,30.2843041
4d742224-87b0-4c8b-a7f7-d72b52b3d5fe,55.8199015,37.8150957
9f9f5473-3c7e-4d43-b847-f4c83ee3ea7b,55.8453764,48.6572098
1d5634cc-bcbd-44e8-a4ba-aa6426d17254,55.8170166,37.5696741
3470eae9-b7d6-40dd-81fc-b943065f4a52,55.3061940,86.0804274
b2f38f05-6d05-4961-9371-cc2b5f1793ec,55.1652992,61.3571522
28c80f12-5946-4a3d-8f1c-759cde669c22,55.8644384,37.5313436
1605a84a-5885-4e3d-b18b-5897de53ef3a,47.1327526,39.7014137
1b85d762-94c4-41b7-bc33-8744c0803024,57.5866005,39.8553923
2bd1ca33-db98-4896-af06-99bbc18dcb9b,55.6401041,37.3581761
ceba81db-4b07-4d93-bec0-80dfd46508ee,60.0092841,30.2181634
0a1d0b1e-91c8-4be9-ba05-58e5565c3993,53.2420517,50.1998063
73e0f8ac-e43b-46ae-ba6f-e1ef7224026c,55.5387265,37.4811524
eabbd70a-6f02-455a-9f56-360816129d8a,54.9770141,82.8931777
cc63c208-bccc-465f-9d62-aabfde6a10e4,55.3089334,85.9862310
22ff586a-bb27-4118-b983-b8a72186bd00,54.9958134,82.8566253
e80a9e99-0777-43ad-9740-e0bdea782e90,51.6857087,39.2235341
f7ff2d55-e3fa-4948-b873-6cf6bb241c71,54.7454824,55.9839139
91cc98de-143a-48c0-b7a5-02cd1a3dbdf2,47.1937695,39.6142624
fa5b9cb3-6304-4f9c-8312-6bfb9466c090,55.7227603,37.4021383
eea8737c-4ef6-41df-8b10-3d95af370fa5,53.8237937,87.3804714
8290cf61-b5bd-42d4-b3f3-a369b19921ab,55.8866023,37.6276936
ebc3f36d-eba4-44e9-849d-0993cad5e377,54.7797962,56.0071389
619a53b6-3f4b-414b-9ccc-205883d5d221,55.8574339,37.4082286
b8201951-276a-4cc6-95eb-61cfa127d845,47.2801066,39.6119802
9fa054ef-fcb6-4dfa-a8ea-2aab5c09df3f,55.8514129,48.4974452
a38e5984-c568-4844-b224-f342af73d01c,55.9136384,37.8591329
2619c303-c275-4fb0-a3d1-ed01c57e9245,55.6839055,37.2679672
d0b7bad7-e988-4979-99fa-193a60f70870,45.1125458,39.0090619
9c4cfcdc-94c7-459f-8b7e-de5cc0b3fbe6,56.2960639,43.9449499
75795e2b-cd73-40fd-9637-3f87790b7da3,55.8920809,37.7195528
15f884be-da0f-440b-af30-489e9678e580,57.1077561,65.5531139
ac9f9e03-fb04-4307-8e60-69f652d388f6,47.2993754,39.8331258
eff9db20-d951-4b5d-af06-6af956bd32df,55.6361368,37.5981397
2dbb2ee4-13d6-4003-bc6d-767301c1d163,55.6684674,37.7377605
b8ef7f56-1813-439a-b6b3-23d884037d54,56.4927333,85.0571936
29c8e146-c22d-4758-9397-b0c31747b381,55.9317427,37.7987514
a57807ff-1639-4351-85ac-7cfb314f8d2d,55.7578855,37.8282780
140f220a-723a-4a00-808c-ab3285cf5c1e,53.2175096,50.2388717
04f14f03-b3c8-4997-a3de-bab5d492e712,55.6510699,37.8678246
122012d3-4fa8-41b9-a37a-4da4517590bc,54.8289842,56.1153535
3abc84b9-ed47-4a83-a42e-6dd134ac2dbb,55.6038997,37.7193437
a263e56f-5c7b-4a42-87e4-b4c07f5cc8bf,55.9070813,49.3295600
50c5927c-f7ee-4b98-b1bb-26ae5b6699c9,55.0410948,82.8700060
7da95a0f-87ec-4aa2-a152-4aad64b371bd,55.8731741,37.4807602
5713ff5c-afbe-4718-815b-f85be51441bd,55.8491992,49.0622975
90f24416-e947-48df-9530-f0b2fdc7a0d4,57.9826996,56.2347314
fd819890-7cb0-49a1-a232-1001c6dacd91,48.7158446,44.8660617
6cc0e265-8f47-4be4-aafd-197471e4555e,55.8766508,37.5456683
4f6293fe-f124-48c2-9e5e-f7603ceebe6e,57.5588394,39.9380329
abf68ea9-0a08-403c-a50d-678efece9854,59.9304736,30.4528454
a45710b6-9698-4aad-8292-8c5509a5107a,55.0798284,82.9675833
4dcd489d-67cc-4c38-ba0e-958385ab8b4b,54.7811144,56.0704025
d1654c9a-26e9-4e02-8e24-1ec104770292,53.7912494,87.1057896
22998ad1-d496-43fc-a04e-a03b06f73242,55.7111160,37.6559424
b2d3454f-0a3c-4024-8f9f-486a83ce11cf,51.6809189,39.1178046
23effbcc-744d-46d1-ad69-26524609fa64,48.6994474,44.5044848
2859ac5c-7b03-40b3-82f7-7a2461b31545,55.7212776,52.4488905
14ab06f9-988f-44da-9702-366c3464ba92,55.8014971,37.6103003
1555ffb1-79d5-426b-86dc-74d0d1238570,55.6211549,37.2995301
4eb49469-000c-4116-a4c4-1849366495f0,55.7525980,37.8573157
345c636f-94fe-4463-a50c-fc8dae1e7407,55.5818571,37.6778734
e112432f-f3eb-4225-b273-cd1061cd2002,55.7464344,37.3912472
043cd431-23e7-4b42-b8fb-c41bd6ea091a,58.1384257,56.2923469
480fcac6-8e66-42c8-915f-9858371cc19c,55.1852947,61.5469100
5b7870b0-32dc-4be2-ae88-2495e2299b1b,48.7273044,44.4553239
c5d2267d-5f53-47a8-9f31-0183fa47e82d,56.2377185,43.4498965
105c5870-2cc2-4eaf-b56a-cfb9ec52cc35,54.7947275,56.0374970
3b673c9f-a090-4da9-b99e-408cee1b5b79,55.7597559,37.7114223
c65938a9-f034-435e-ba39-7dbda81e065f,55.5473770,37.4945296
3c4cd730-05de-4cc9-aaaf-3fc42f9ab06a,55.6033450,37.3671984
203d669f-3776-4b45-87b2-454a1a246574,55.8055388,37.7652688
322f4f5b-f556-44e8-9d0e-15711995c2a4,48.7351207,44.4910538
4ecf038f-da74-42f2-89a9-6cc564bc46a2,57.6401125,39.9303317
1033e814-6a05-442d-b830-0633fe7ff637,55.8561967,37.3565991
116e9ca7-9adf-42c7-9779-fc3b936cc7e3,54.8110801,56.1207257
19e70b39-55a7-4193-af75-82ee10a1b7b0,53.2309839,50.2512727
bbe64fe8-5cd1-485b-99cd-1d284f166643,47.2781769,39.7117316
1c0c4600-3bc6-4fcc-b0d4-6d19e5c129bd,55.6467208,37.5421920
53109684-fc10-4cf1-b410-e635e7af57b7,55.4540630,37.7530289
94d1b56d-e534-42fe-bca2-dddf89fa0e67,55.6959173,37.4631741
36352ba4-ca67-48d6-93e0-30821a1564a7,55.9469235,37.4972991
a348a456-8801-4cea-a644-9636366025c5,55.8873367,37.5568334
ed9795b5-78b6-4b66-a991-b13c36056911,55.7569888,48.7371786
5d033eca-12dd-4506-ac83-ca3d9feeaa04,53.3057293,83.6314241
3d645ba7-9f11-4360-bc5e-16ff22b0ae45,48.6171497,44.4217405
519c86de-728a-4297-9ba4-5121acbf1669,55.7381492,37.7140754
b9c74556-4fe3-4c25-aaca-092b28ef15e1,59.9634430,30.4932729
d871c576-1581-4e64-9e7a-cccf9d3a807d,53.5424764,49.3607214
f8dea6a1-5a00-498f-84d0-af4c23f98773,47.3224794,39.7552642
65d417cc-4c15-4738-bbab-903f3a375885,60.0686587,30.3971844
98f0ae03-0765-45c2-8db5-cfe3bfd4ede1,55.8087949,49.0191880
bb6e74e8-7967-4001-9014-26dcbeb83a9a,55.7467760,37.7659258
34bc937f-ba07-4e2a-9966-61b365aad176,55.6940093,37.8582634
819da561-dc13-4efd-90ef-056c527d3cc2,47.2273020,39.5755156
9c7f35dd-6416-4b3c-9521-de0c6e708803,55.9217913,37.7217039
27780a6f-74bd-4f99-af08-e625dc1e4664,54.7960331,56.1014566
e67c4f6c-141d-4004-9f07-b9b3e288d37d,55.5047479,37.5931241
4a5a4807-cc42-4938-91bd-0b590e121d20,56.9035137,60.5653809
8b247322-2f5b-416c-8ffb-b7b57a45121c,55.6638199,37.6470934
8f33f344-014f-4fdc-91cf-c3555a0bc649,55.9239988,37.9807003
995b7eb3-4d0f-49d2-bf88-a60dbef08b76,53.1179424,49.9595898
cfab679a-bd2e-48f0-a72c-d43b02527738,55.8070141,48.9347153
b8081d5d-ff58-4191-b8af-ddf8272dccb9,53.5486973,49.4094686
110f4bf1-9777-4b77-824b-a89d48686163,48.7722418,44.5492871
05bd2111-cf64-411a-bade-88169e934d22,51.7099866,39.1763884
65005576-231e-4663-8c6d-f028a59abd95,59.8814738,30.4676483
f54f17a8-6a88-45bc-a0bb-a6a9fa85905b,55.7276626,37.8584200
59a12ae6-ad60-4c15-bf9d-efa677674c61,55.7389754,37.8138810
43ee64fd-8bee-42b6-ba7c-bea31fd0a0bb,59.9100248,29.7744329
2b1efde5-6a79-48f7-a375-8ab0f79fda00,56.0681786,37.4900536
82d2894d-7637-449c-8afa-41d0cdebe14d,51.7395701,39.1512390
33b1d252-f6dc-4ab3-beb4-3b70fcb6af1a,55.9413902,37.8420376
bf622309-8b72-4618-a23d-c2725bf62dbc,47.2590121,39.8698289
7c1adc6f-85e9-49c5-98f5-db357c0878bf,58.0021741,56.2906807
a5ff08d5-6551-490b-ad50-eddc8d358c51,55.7438286,37.8713668
baf991a1-b0e3-4ce7-bc75-11e8bed468cc,53.4891648,49.4728115
cf4d4269-7a98-4a2c-b2bc-d9fa98a1a613,55.8048454,37.8235774
86deac16-3651-4600-91ee-b3eb72b11ecc,55.0942606,82.9529893
e8ff5f13-6817-4649-9498-b501e46723b7,47.2395165,39.7053256
4ee8b83a-ba98-4ccc-b98e-e4fd4a72f849,55.9552378,37.9342949
760e1e2e-a4de-4d30-bb1b-02893953a186,55.5720226,37.4909201
2775257f-039c-4b45-b4ea-f48e6db39769,51.6808324,39.1483740
82988657-69d5-44b1-9003-97a7396daf5f,58.1169436,56.4134877
5a5e4194-594b-4d04-8f4c-d93ba7b3a215,55.9013289,37.5304773
855e72e9-b855-4b3a-9f8b-f1350d34e453,55.1927360,61.4807629
64d0f625-377f-406b-ae2c-af68c51b3136,55.6039553,37.6577841
d97514bd-1e3b-4735-804c-2460c318c06f,55.7751789,37.4014477
00627986-21eb-4b94-b5d4-c3772670ae7f,55.8584589,37.6450697
fe9236d2-34c6-4e1d-a954-7c52d467ce43,55.8235774,37.5947587
11eee2d8-1721-4b42-ad60-9db87d973d93,55.8868864,37.4444220
a7f44069-1893-4ca4-a57a-e6c597d40fdc,56.2406596,43.4256994
033e13f9-a064-496b-b8b1-b2bb8e001229,60.0209291,30.6392228
1d1c111a-75b2-49ab-a4fc-6303d7e35bb5,55.8503366,37.3496538
753c103b-dac8-4188-98a7-52b3036ac7b7,55.5860153,37.4595442
4fa9893f-549c-405b-92dd-109cde58347c,45.0345992,38.9136940
8ab68fc4-d81b-431f-871b-112078cbedb6,55.8144397,37.8620159
8b5fdeb1-a5da-43de-99cf-02d44837445c,55.2412865,61.3668503
b531aeec-0b98-4084-b46f-3b18a50412af,55.6180685,37.8566983
4254d4b5-c93e-467d-a215-1056a46b565f,47.2877672,39.7582267
0d53480d-1906-4fdb-8273-eb69b66c998a,55.6865468,37.7512108
17d2c9e4-e5ae-400a-852d-f36faba2c550,55.7380613,37.6692881
ec214e1b-5312-43a1-8af5-c4453cd8ea0c,57.9726300,56.2651648
0a9e7be9-a9c4-4374-a18d-b913c3d07a24,45.0509117,38.9440407
704bbda6-faa1-4846-91cf-356d75cd1f5a,55.2064756,61.3152487
67fb98f9-ad04-48d8-ac17-23b80d376984,56.5298351,85.0562161
a73e675e-2f7e-4218-b310-6f34251f9243,54.9905775,82.7889071
bb971887-23e0-4ca4-bc05-7b51d82d7919,55.8617347,37.6717008
b1e12e6f-9352-455f-a3d0-a90f92929ae6,55.5842330,37.6346495
122b933e-6d06-4b63-affa-f54a13182122,54.7959630,56.1598816
209bb22a-d4f4-4fce-a6ae-fc110e9f4bb9,55.0107543,61.4150330
acfd7b4f-c3f0-47c7-8170-5c5f306eda60,48.7904814,44.5198931
dad93ab3-1f7f-415c-a8c2-9373710d37b4,53.1466253,50.0611328
f2ce820b-61b9-4691-85f7-38170880d920,55.5963498,37.6673112
c1084d97-22f2-494c-a59c-81e37607c07e,56.5226901,84.9502489
5c6d6db4-69e9-48ba-b947-24593a9b9148,55.9341793,37.5570916
5aacf980-8fc3-4535-bc98-0b0af4f07385,55.5768905,37.5812009
74d0b045-479b-428e-9163-f205b0009b23,55.8291743,37.8144881
b73337b0-6bda-44eb-8b32-49497b6faa10,48.6816868,44.4259798
885fdcc1-8566-4bf9-b661-33a80212e853,51.5609047,39.2466888
60f32f4a-7ba9-4b74-9bec-3239e181756a,55.7013486,37.8750128
c4173fae-38a1-488e-b803-e3dcd7e91b98,48.8155483,44.6053406
8f9cd68f-d1bd-43c7-9250-377dbfc25906,55.6255388,37.7210607
bb176107-d8c2-4daf-86d5-5f850efc7851,53.3590439,83.7282452
59952d50-094c-4d66-bb35-0891c3cc43c3,55.8316848,37.9408024
9709d815-ca3c-4605-b11b-c521b0f84e0c,45.0282764,38.9179728
b2dacc38-056f-4df2-9c00-d568ca2f0ed5,55.4037161,37.5433347
5d82ce46-35a7-4086-9b6c-170db92efea4,55.8829169,37.4252659
76b0660c-d8bf-4a42-a275-2c84fb143314,55.8390532,37.9623372
e9393eb1-5947-443c-b2f9-088aafd6bcf8,48.6870578,44.5726052
0e4da77c-8168-4a01-b4ff-f97f57d31818,55.7747887,38.4586762
46abb6ff-e0b0-4d25-a7f5-d125c9c4d0b9,55.9046559,37.4566282
a61b13eb-30ea-4bf2-83cc-4234d3ca921d,55.9235657,37.8454942
2bc7ad30-496f-470f-9c68-6cf8ff2f7a19,55.8059259,37.7077091
2b460163-526f-4110-9b87-e18153925dd1,60.1381090,30.2180387
723543e1-32fc-49f4-b1e9-f4366230b4d5,56.3060097,43.4126872
6e264f59-62de-4f63-abc5-57516398b267,58.0848391,55.7854575
dca60599-8511-4cc8-92c7-7ae4ba6fed54,55.8268692,37.3200242
e79ad448-e43b-4cc3-b805-dd5f247028ea,55.6725518,37.8947795
6b59d1ea-eadc-4919-86e0-17cfb251e12f,54.8224424,55.9036571
24093ab2-0ed7-4b79-80bb-2653ead972ec,57.6349403,39.8716126
0b7865aa-6b8e-4fa7-b9d8-f970470860db,55.9009193,37.3865989
ca0671fa-e7a9-4315-bdf3-77365d1867e9,45.1000894,39.0726563
9ff3cc9a-632e-4dc6-a23b-52fa1ef03419,53.9076287,87.1251456
5b1abda4-71df-4c4b-9460-b57fa48e42c7,55.1155769,61.4883979
68d0b976-1d09-4800-ac72-2524197c33c0,53.9005433,87.0253637
6d32462d-88cb-4163-b542-fc6b3d78ac7c,55.8874866,37.4157086
8b0f1baf-5617-4bf8-aa9d-4266efd31724,54.7817413,56.0209674
b831b617-038d-4adf-a228-5789028c434f,55.9109843,37.8587047
07faeeba-d98b-4327-b484-e0e1020fba69,58.0228569,56.0721669
87a60e49-8b83-4c43-8b2c-f7458ccdfed1,55.7930146,37.9472760
93d352d8-c7f6-4d84-8eef-c2d1c4cb234b,55.4978553,37.3063826
accb0718-0bd2-4253-8bc3-9b95679405b1,55.6842788,37.8981425
629bdaa0-2545-49d4-a879-ce7dfea5c755,53.5780761,49.2422604
67b634ef-f924-4ef3-b852-b8780791df1c,53.2064746,50.2507017
ddb2a102-4572-49bb-bf78-c7992f82b20b,55.4028990,86.1047507
4bfdb19a-528b-453f-b6ae-63963d2d88c3,55.1975899,61.3526261
7fc1a7b0-d0e1-4b84-9903-b2bbf4c0d2bd,55.6576690,37.9238871
d23b8d28-8195-4174-8767-3cd7e904df6a,59.8640523,30.5062581
7fee0910-fad8-48c9-8f30-9aee642722e4,48.8155684,44.7744222
3049b2d0-ced6-4a49-a119-7fc49dee2220,57.6855161,39.7733868
0e8b37f0-980f-4209-8d3b-b7f0eede3cb7,55.9616154,38.0450956
3c02e300-fbbe-4fa2-8086-977fcdbd3446,58.0102377,55.9631228
8c2d10a2-6696-456a-9198-b411e87eabe9,55.4017571,86.0209282
8b0532c5-06e3-4894-8ef0-139f6fbaff42,45.1545668,39.0555072
fbdae91d-d137-44ff-bae6-1b03e5d44242,53.8200764,87.1893774
901e15ee-907f-4b58-b831-48b8a627b074,55.5869610,37.6703646
7ed1b76d-7d55-46b5-ad62-ba4e04eae3f9,57.9982359,55.9110872
ee06b6a1-cdd7-47d9-850f-fd581642ec0b,54.9587544,83.1176569
2fb81df8-c423-4ce6-8b43-1fd17b47ca42,57.6272129,39.8768526
0bf98d1b-75b0-44a2-9a10-eaf58a4fd975,48.7581016,44.8028511
9f5797df-6521-4817-acea-018779dcc0c3,48.7725714,44.7770753
985662eb-0947-4bf2-8a8a-584e6ec3f6de,48.7758629,44.5662702
40c079b1-69ee-4c8b-b3ec-ff245143a6e2,48.5130546,44.5390227
8d6000b6-c241-4ab1-8ff3-f5369b6391a5,55.4404229,37.5674339
8e402dc5-17c7-4ef6-a251-cbf2da2afff3,53.7266897,87.1191984
a8f4df78-734d-4a88-a380-30e0b0242c1c,57.6402190,39.8157052
a8d9543e-daf8-4996-a210-7e328280413a,53.8136038,87.2074534
5c16553b-c83f-4530-a6e6-9261b03121d9,55.7060371,37.8204646
6139b39a-9a8b-4d06-9eff-ffcf981d1764,56.5043946,60.8707859
7d99916c-afc0-44f4-866d-c003904f1625,57.7173651,39.7714478
291fc165-2c34-4994-835b-70e522491803,55.5921395,37.8924811
8504056f-b4e8-4151-a174-28aba8bae9ba,48.7952685,44.5861415
ff21974f-e996-41cd-a6a2-0b94ce497f95,48.5228541,44.6180271
58db9e38-5b25-4299-b307-0d8089be2b4c,51.6499520,39.2440588
711c7cc3-9e3e-476c-9668-d7cc16d77bd1,45.1208918,39.0242460
003a1774-4e78-4cde-8943-325d13d273d6,56.3537679,37.5296709
4bdc8fe8-c546-45ff-976e-226762fc567c,53.8210621,87.1535868
3cf736b5-b253-4312-8461-508264331502,55.9913131,37.1800657
a91c39ec-934a-4fbb-9a02-9e72cab39a8e,55.1559903,61.1869272
0373b9fc-4cef-4625-8a58-42187c8c4c41,55.0038729,82.6936799
310eaf20-c59d-45c1-9031-f386f61dfa73,51.6832162,39.2671213
7c76ae64-29f3-4455-a196-3cce1d2ca9ed,51.6544911,39.0888480
88ac2530-0435-4a67-a95f-dde525b3a836,58.0743935,56.3427351
246a78eb-9e1c-412e-aaa6-b1a509a55da1,55.1437223,61.4745116
7118f3a5-1f3c-44a2-9a2e-98ec8295efbc,51.6496778,39.2843041
48b70b0e-02e8-4e16-a86d-8fd696e01fe2,56.8805982,60.5391178
27555e06-3ba8-4fba-9152-6b1a486ad8e6,55.5215653,37.3465598
1dd82cb1-9984-45c8-8ee7-9d7af729d913,53.4231914,49.5397376
879cc0c8-8f66-4de5-aa73-d790ecd774db,59.8126412,30.0714874
e13c6e3a-d315-483d-b75f-0e103a6e9aba,55.7929845,38.0076097
efcd967a-5652-4021-8ec2-99e25547997b,59.8813042,30.3683414
5d264fd0-469f-45df-ac17-d922f39ee105,51.6381229,39.1476343
89438ebc-8e00-4353-9ebe-1e8ea7746b71,47.3136485,39.7760613
44e83caf-f3f0-4004-a378-6c0e79aa17c9,55.8087571,37.9806455
57e69b06-6310-47de-a867-1ef637d44909,55.9861435,37.1435477
3c5c1ffe-ec00-45b6-8fb3-8e71d092f2bf,56.3964669,38.0958913
24b1afaf-f4b5-4b1f-8f16-580175630fbe,55.6027225,38.0788067
45329570-e874-4fbd-9c8f-5d06e43c87c0,55.5753333,38.2093437
15e18161-b559-4718-8d92-430c4603a290,55.4787189,37.5412576
785c0889-171e-42f2-abf9-90e2a46a2fda,55.9701941,37.1756734
ce4f1eca-7605-4256-ad3e-97111407e8ac,56.3070077,38.1295612
1ef15ebe-b149-4b9b-b400-91de6f49e534,55.6372521,37.8020306
ee6b6f05-7ed8-4262-97e8-e8046f623883,55.9887223,37.1562283
f1c9e75e-fada-4bfb-8c9c-e9fb3054555c,55.5668567,38.2407084
0ead51c0-51da-4f94-8037-52d69e5cd53f,55.7473659,37.9931774
77089550-4a89-4443-826a-e34e3a16c9d3,59.9097751,30.4517915
53de3d09-1b0a-4818-9c41-01b90b47c0ae,56.3844162,43.7562876
84c2e99f-5f49-44d4-9069-ec8d0b91a1a9,59.8200799,30.3423476
41d1c6f7-d184-484e-bae7-a7367087949b,56.2625471,43.8409771
f230c02d-f818-426b-9e36-eff6b9a69661,55.6783396,37.4696020
f321052c-73d3-4060-a0d5-52d784ff369a,55.7849390,37.7617655